[
  {
    "namespace": "blurts",
    "functions": [
      {
        "name": "start",
        "type": "function",
        "description": "Starts monitoring for visits to breached sites",
        "async": true,
        "parameters": [
          {
            "name": "variation",
            "type": "string"
          }
        ]
      }
    ],
    "events": [
      {
        "name": "onEvent",
        "type": "function",
        "parameters": [
          {
            "type": "string",
            "name": "id"
          }
        ]
      }
    ]
  }
]
