[{"Domain":"000webhost.com","Title":"000webhost","BreachDate":"2015-03-01","PwnCount":14936670,"DataClasses":["Email addresses","IP addresses","Names","Passwords"],"LogoFilename":"000webhost.png"},{"Domain":"126.com","Title":"126","BreachDate":"2012-01-01","PwnCount":6414191,"DataClasses":["Email addresses","Passwords"],"LogoFilename":"126.svg"},{"Domain":"17app.co","Title":"17","BreachDate":"2016-04-19","PwnCount":4009640,"DataClasses":["Device information","Email addresses","IP addresses","Passwords","Usernames"],"LogoFilename":"17Media.svg"},{"Domain":"2fast4u.be","Title":"2fast4u","BreachDate":"2017-12-20","PwnCount":17706,"DataClasses":["Email addresses","Passwords","Usernames"],"LogoFilename":"2fast4u.png"},{"Domain":"7k7k.com","Title":"7k7k","BreachDate":"2011-01-01","PwnCount":9121434,"DataClasses":["Email addresses","Passwords","Usernames"],"LogoFilename":"7k7k.png"},{"Domain":"abandonia.com","Title":"Abandonia","BreachDate":"2015-11-01","PwnCount":776125,"DataClasses":["Email addresses","IP addresses","Passwords","Usernames"],"LogoFilename":"Abandonia.png"},{"Domain":"abusewith.us","Title":"AbuseWith.Us","BreachDate":"2016-07-01","PwnCount":1372550,"DataClasses":["Email addresses","IP addresses","Passwords","Usernames"],"LogoFilename":"AbuseWithUs.png"},{"Domain":"acne.org","Title":"Acne.org","BreachDate":"2014-11-25","PwnCount":432943,"DataClasses":["Dates of birth","Email addresses","IP addresses","Passwords","Usernames"],"LogoFilename":"AcneOrg.svg"},{"Domain":"adobe.com","Title":"Adobe","BreachDate":"2013-10-04","PwnCount":152445165,"DataClasses":["Email addresses","Password hints","Passwords","Usernames"],"LogoFilename":"Adobe.svg"},{"Domain":"adultfriendfinder.com","Title":"Adult Friend Finder","BreachDate":"2015-05-21","PwnCount":3867997,"DataClasses":["Dates of birth","Email addresses","Genders","Geographic locations","IP addresses","Races","Relationship statuses","Sexual orientations","Spoken languages","Usernames"],"LogoFilename":"AdultFriendFinder.png"},{"Domain":"ahashare.com","Title":"AhaShare.com","BreachDate":"2013-05-30","PwnCount":180468,"DataClasses":["Email addresses","Genders","Geographic locations","IP addresses","Passwords","Usernames","Website activity","Years of birth"],"LogoFilename":"AhaShare.svg"},{"Domain":"aitype.com","Title":"ai.type","BreachDate":"2017-12-05","PwnCount":20580060,"DataClasses":["Address book contacts","Apps installed on devices","Cellular network names","Dates of birth","Device information","Email addresses","Genders","Geographic locations","IMEI numbers","IMSI numbers","IP addresses","Names","Phone numbers","Profile photos","Social media profiles"],"LogoFilename":"AIType.png"},{"Domain":"aipai.com","Title":"Aipai.com","BreachDate":"2016-09-27","PwnCount":6496778,"DataClasses":["Email addresses","Passwords"],"LogoFilename":"Aipai.png"},{"Domain":"akparti.org.tr","Title":"AKP Emails","BreachDate":"2016-07-19","PwnCount":917461,"DataClasses":["Email addresses","Email messages"],"LogoFilename":"AKP.png"},{"Domain":"ancestry.com","Title":"Ancestry","BreachDate":"2015-11-07","PwnCount":297806,"DataClasses":["Email addresses","Passwords"],"LogoFilename":"Ancestry.svg"},{"Domain":"androidforums.com","Title":"Android Forums","BreachDate":"2011-10-30","PwnCount":745355,"DataClasses":["Dates of birth","Email addresses","Homepage URLs","Instant messenger identities","IP addresses","Passwords"],"LogoFilename":"AndroidForums.png"},{"Domain":"","Title":"Anti Public Combo List","BreachDate":"2016-12-16","PwnCount":457962538,"DataClasses":["Email addresses","Passwords"],"LogoFilename":"AntiPublic.svg"},{"Domain":"armyforceonline.com","Title":"Army Force Online","BreachDate":"2016-05-18","PwnCount":1531235,"DataClasses":["Avatars","Email addresses","Geographic locations","IP addresses","Names","Passwords","Usernames","Website activity"],"LogoFilename":"ArmyForceOnline.png"},{"Domain":"ashleymadison.com","Title":"Ashley Madison","BreachDate":"2015-07-19","PwnCount":30811934,"DataClasses":["Dates of birth","Email addresses","Ethnicities","Genders","Names","Passwords","Payment histories","Phone numbers","Physical addresses","Security questions and answers","Sexual orientations","Usernames","Website activity"],"LogoFilename":"AshleyMadison.svg"},{"Domain":"astropid.com","Title":"Astropid","BreachDate":"2013-12-19","PwnCount":5788,"DataClasses":["Email addresses","Instant messenger identities","IP addresses","Names","Passwords","Private messages","Usernames","Website activity"],"LogoFilename":"AstroPID.svg"},{"Domain":"aternos.org","Title":"Aternos","BreachDate":"2015-12-06","PwnCount":1436486,"DataClasses":["Email addresses","IP addresses","Passwords","Usernames","Website activity"],"LogoFilename":"Aternos.png"},{"Domain":"autocentrum.pl","Title":"Autocentrum.pl","BreachDate":"2018-02-04","PwnCount":143717,"DataClasses":["Email addresses","Passwords"],"LogoFilename":"Autocentrum.svg"},{"Domain":"avast.com","Title":"Avast","BreachDate":"2014-05-26","PwnCount":422959,"DataClasses":["Email addresses","Passwords","Usernames"],"LogoFilename":"Avast.svg"},{"Domain":"","Title":"B2B USA Businesses","BreachDate":"2017-07-18","PwnCount":105059554,"DataClasses":["Email addresses","Employers","Job titles","Names","Phone numbers","Physical addresses"],"LogoFilename":"B2BUSABusinesses.png"},{"Domain":"badoo.com","Title":"Badoo","BreachDate":"2013-06-01","PwnCount":112005531,"DataClasses":["Dates of birth","Email addresses","Genders","Names","Passwords","Usernames"],"LogoFilename":"Badoo.svg"},{"Domain":"battlefieldheroes.com","Title":"Battlefield Heroes","BreachDate":"2011-06-26","PwnCount":530270,"DataClasses":["Passwords","Usernames"],"LogoFilename":"BattlefieldHeroes.svg"},{"Domain":"beautifulpeople.com","Title":"Beautiful People","BreachDate":"2015-11-11","PwnCount":1100089,"DataClasses":["Beauty ratings","Car ownership statuses","Dates of birth","Drinking habits","Education levels","Email addresses","Genders","Geographic locations","Home ownership statuses","Income levels","IP addresses","Job titles","Names","Passwords","Personal descriptions","Personal interests","Physical attributes","Sexual orientations","Smoking habits","Website activity"],"LogoFilename":"BeautifulPeople.png"},{"Domain":"bell.ca","Title":"Bell (2014 breach)","BreachDate":"2014-02-01","PwnCount":20902,"DataClasses":["Credit cards","Genders","Passwords","Usernames"],"LogoFilename":"Bell.svg"},{"Domain":"bell.ca","Title":"Bell (2017 breach)","BreachDate":"2017-05-15","PwnCount":2231256,"DataClasses":["Email addresses","Geographic locations","IP addresses","Job titles","Names","Passwords","Phone numbers","Spoken languages","Survey results","Usernames"],"LogoFilename":"Bell2017.svg"},{"Domain":"bigmoneyjobs.com","Title":"BigMoneyJobs","BreachDate":"2014-04-03","PwnCount":36789,"DataClasses":["Career levels","Education levels","Email addresses","Names","Passwords","Phone numbers","Physical addresses","Salutations","User website URLs","Website activity"],"LogoFilename":"BigMoneyJobs.svg"},{"Domain":"binweevils.com","Title":"Bin Weevils","BreachDate":"2014-09-01","PwnCount":1287073,"DataClasses":["Ages","Email addresses","Genders","IP addresses","Passwords","Usernames"],"LogoFilename":"BinWeevils.png"},{"Domain":"biohack.me","Title":"Biohack.me","BreachDate":"2016-12-02","PwnCount":3402,"DataClasses":["Email addresses","Passwords","Private messages","Usernames"],"LogoFilename":"BiohackMe.png"},{"Domain":"forum.btcsec.com","Title":"Bitcoin Security Forum Gmail Dump","BreachDate":"2014-01-09","PwnCount":4789599,"DataClasses":["Email addresses","Passwords"],"LogoFilename":"BTSec.svg"},{"Domain":"bitcointalk.org","Title":"Bitcoin Talk","BreachDate":"2015-05-22","PwnCount":501407,"DataClasses":["Dates of birth","Email addresses","Genders","IP addresses","Passwords","Security questions and answers","Usernames","Website activity"],"LogoFilename":"BitcoinTalk.svg"},{"Domain":"bitly.com","Title":"Bitly","BreachDate":"2014-05-08","PwnCount":9313136,"DataClasses":["Email addresses","Passwords","Usernames"],"LogoFilename":"Bitly.svg"},{"Domain":"bittorrent.com","Title":"BitTorrent","BreachDate":"2016-01-01","PwnCount":34235,"DataClasses":["Email addresses","IP addresses","Passwords","Usernames"],"LogoFilename":"BitTorrent.png"},{"Domain":"blackhatworld.com","Title":"Black Hat World","BreachDate":"2014-06-23","PwnCount":777387,"DataClasses":["Dates of birth","Email addresses","Instant messenger identities","IP addresses","Passwords","Usernames","Website activity"],"LogoFilename":"BlackHatWorld.png"},{"Domain":"bolt.cd","Title":"Bolt","BreachDate":"2017-03-01","PwnCount":995274,"DataClasses":["Email addresses","IP addresses","Passwords","Usernames"],"LogoFilename":"Bolt.png"},{"Domain":"botoflegends.com","Title":"Bot of Legends","BreachDate":"2014-11-13","PwnCount":238373,"DataClasses":["Email addresses","IP addresses","Passwords","Usernames","Website activity"],"LogoFilename":"BotOfLegends.png"},{"Domain":"forums.boxee.com","Title":"Boxee","BreachDate":"2014-03-29","PwnCount":158093,"DataClasses":["Dates of birth","Email addresses","Geographic locations","Historical passwords","Instant messenger identities","IP addresses","Passwords","Private messages","User website URLs","Usernames"],"LogoFilename":"Boxee.svg"},{"Domain":"brazzers.com","Title":"Brazzers","BreachDate":"2013-04-01","PwnCount":790724,"DataClasses":["Email addresses","Passwords","Usernames"],"LogoFilename":"Brazzers.png"},{"Domain":"btc-e.com","Title":"BTC-E","BreachDate":"2014-10-01","PwnCount":568340,"DataClasses":["Account balances","Email addresses","IP addresses","Passwords","Usernames","Website activity"],"LogoFilename":"BTCE.png"},{"Domain":"businessacumen.biz","Title":"Business Acumen Magazine","BreachDate":"2014-04-25","PwnCount":26596,"DataClasses":["Email addresses","Names","Passwords","Usernames","Website activity"],"LogoFilename":"BusinessAcumen.svg"},{"Domain":"cafemom.com","Title":"CafeMom","BreachDate":"2014-04-10","PwnCount":2628148,"DataClasses":["Email addresses","Passwords"],"LogoFilename":"CafeMom.png"},{"Domain":"cannabis.com","Title":"Cannabis.com","BreachDate":"2014-02-05","PwnCount":227746,"DataClasses":["Dates of birth","Email addresses","Geographic locations","Historical passwords","Instant messenger identities","IP addresses","Passwords","Private messages","Usernames","Website activity"],"LogoFilename":"CannabisForum.svg"},{"Domain":"cdprojektred.com","Title":"CD Projekt RED","BreachDate":"2016-03-01","PwnCount":1871373,"DataClasses":["Email addresses","Passwords","Usernames"],"LogoFilename":"CDProjektRed.png"},{"Domain":"cheapassgamer.com","Title":"CheapAssGamer.com","BreachDate":"2015-07-01","PwnCount":444767,"DataClasses":["Email addresses","IP addresses","Passwords","Usernames"],"LogoFilename":"CheapAssGamer.png"},{"Domain":"co188.com","Title":"Civil Online","BreachDate":"2011-07-10","PwnCount":7830195,"DataClasses":["Email addresses","IP addresses","Passwords","Usernames","Website activity"],"LogoFilename":"CivilOnline.png"},{"Domain":"clixsense.com","Title":"ClixSense","BreachDate":"2016-09-04","PwnCount":2424784,"DataClasses":["Account balances","Dates of birth","Email addresses","Genders","IP addresses","Names","Passwords","Payment histories","Payment methods","Physical addresses","Usernames","Website activity"],"LogoFilename":"ClixSense.png"},{"Domain":"cloudpets.com","Title":"CloudPets","BreachDate":"2017-01-01","PwnCount":583503,"DataClasses":["Email addresses","Family members' names","Passwords"],"LogoFilename":"CloudPets.png"},{"Domain":"coachella.com","Title":"Coachella","BreachDate":"2017-02-22","PwnCount":599802,"DataClasses":["Email addresses","IP addresses","Passwords","Usernames"],"LogoFilename":"Coachella.png"},{"Domain":"comcast.net","Title":"Comcast","BreachDate":"2015-11-08","PwnCount":616882,"DataClasses":["Email addresses","Passwords","Physical addresses"],"LogoFilename":"Comcast.svg"},{"Domain":"comelec.gov.ph","Title":"COMELEC (Philippines Voters)","BreachDate":"2016-03-27","PwnCount":228605,"DataClasses":["Biometric data","Dates of birth","Email addresses","Family members' names","Genders","Job titles","Marital statuses","Names","Passport numbers","Phone numbers","Physical addresses","Physical attributes"],"LogoFilename":"COMELEC.png"},{"Domain":"","Title":"Coupon Mom / Armor Games","BreachDate":"2014-02-08","PwnCount":11010525,"DataClasses":["Email addresses","Passwords"],"LogoFilename":"CouponMomAndArmorGames.png"},{"Domain":"crackcommunity.com","Title":"Crack Community","BreachDate":"2013-09-09","PwnCount":19210,"DataClasses":["Email addresses","IP addresses","Passwords","Usernames","Website activity"],"LogoFilename":"CrackCommunity.png"},{"Domain":"crackingforum.com","Title":"CrackingForum","BreachDate":"2016-07-01","PwnCount":660305,"DataClasses":["Email addresses","IP addresses","Passwords","Usernames"],"LogoFilename":"CrackingForum.png"},{"Domain":"","Title":"CrimeAgency vBulletin Hacks","BreachDate":"2017-01-19","PwnCount":942044,"DataClasses":["Email addresses","Passwords","Usernames"],"LogoFilename":"CrimeAgencyVBulletin.svg"},{"Domain":"cfire.mail.ru","Title":"Cross Fire","BreachDate":"2016-08-08","PwnCount":12865609,"DataClasses":["Email addresses","Passwords","Usernames"],"LogoFilename":"CrossFire.png"},{"Domain":"dafont.com","Title":"DaFont","BreachDate":"2017-05-16","PwnCount":637340,"DataClasses":["Email addresses","Passwords","Usernames"],"LogoFilename":"DaFont.png"},{"Domain":"dailymotion.com","Title":"Dailymotion","BreachDate":"2016-10-20","PwnCount":85176234,"DataClasses":["Email addresses","Passwords","Usernames"],"LogoFilename":"Dailymotion.svg"},{"Domain":"daniweb.com","Title":"DaniWeb","BreachDate":"2015-12-01","PwnCount":1131636,"DataClasses":["Email addresses","IP addresses","Passwords"],"LogoFilename":"DaniWeb.png"},{"Domain":"","Title":"Data Enrichment Records","BreachDate":"2016-12-23","PwnCount":8176132,"DataClasses":["Buying preferences","Charitable donations","Credit status information","Dates of birth","Email addresses","Family structure","Financial investments","Home ownership statuses","Income levels","Job titles","Marital statuses","Names","Net worths","Phone numbers","Physical addresses","Political donations"],"LogoFilename":"DataEnrichment.svg"},{"Domain":"diet.com","Title":"diet.com","BreachDate":"2014-08-10","PwnCount":1383759,"DataClasses":["Dates of birth","Eating habits","Email addresses","IP addresses","Names","Passwords","Physical attributes","Usernames"],"LogoFilename":"DietCom.png"},{"Domain":"disqus.com","Title":"Disqus","BreachDate":"2012-07-01","PwnCount":17551044,"DataClasses":["Email addresses","Passwords","Usernames"],"LogoFilename":"Disqus.svg"},{"Domain":"dlh.net","Title":"DLH.net","BreachDate":"2016-07-31","PwnCount":3264710,"DataClasses":["Dates of birth","Email addresses","Names","Passwords","Usernames","Website activity"],"LogoFilename":"DLH.png"},{"Domain":"dodonew.com","Title":"Dodonew.com","BreachDate":"2011-12-01","PwnCount":8718404,"DataClasses":["Email addresses","Usernames"],"LogoFilename":"Dodonew.png"},{"Domain":"pizza.dominos.be","Title":"Domino's","BreachDate":"2014-06-13","PwnCount":648231,"DataClasses":["Email addresses","Names","Passwords","Phone numbers","Physical addresses"],"LogoFilename":"Dominos.svg"},{"Domain":"dropbox.com","Title":"Dropbox","BreachDate":"2012-07-01","PwnCount":68648009,"DataClasses":["Email addresses","Passwords"],"LogoFilename":"Dropbox.svg"},{"Domain":"ddo.com","Title":"Dungeons & Dragons Online","BreachDate":"2013-04-02","PwnCount":1580933,"DataClasses":["Dates of birth","Email addresses","IP addresses","Passwords","Usernames","Website activity"],"LogoFilename":"DDO.png"},{"Domain":"duowan.com","Title":"Duowan.com","BreachDate":"2011-01-01","PwnCount":2639894,"DataClasses":["Email addresses","Passwords","Usernames"],"LogoFilename":"Duowan.png"},{"Domain":"dvd-shop.ch","Title":"dvd-shop.ch","BreachDate":"2017-12-05","PwnCount":67973,"DataClasses":["Email addresses","Passwords"],"LogoFilename":"DVDShopCH.png"},{"Domain":"edmodo.com","Title":"Edmodo","BreachDate":"2017-05-11","PwnCount":43423561,"DataClasses":["Email addresses","Passwords","Usernames"],"LogoFilename":"Edmodo.svg"},{"Domain":"elance.com","Title":"Elance","BreachDate":"2009-01-01","PwnCount":1291178,"DataClasses":["Email addresses","Employers","Geographic locations","Passwords","Phone numbers","Usernames"],"LogoFilename":"Elance.png"},{"Domain":"epicgames.com","Title":"Epic Games","BreachDate":"2016-08-11","PwnCount":251661,"DataClasses":["Email addresses","Passwords","Usernames"],"LogoFilename":"EpicGames.svg"},{"Domain":"eroticy.com","Title":"Eroticy","BreachDate":"2015-06-01","PwnCount":1370175,"DataClasses":["Email addresses","IP addresses","Names","Passwords","Payment histories","Phone numbers","Physical addresses","Usernames","Website activity"],"LogoFilename":"Eroticy.png"},{"Domain":"eservices.durban.gov.za","Title":"eThekwini Municipality","BreachDate":"2016-09-07","PwnCount":81830,"DataClasses":["Dates of birth","Deceased date","Email addresses","Genders","Government issued IDs","Names","Passport numbers","Passwords","Phone numbers","Physical addresses","Utility bills"],"LogoFilename":"eThekwiniMunicipality.png"},{"Domain":"ethereum.org","Title":"Ethereum","BreachDate":"2016-12-16","PwnCount":16431,"DataClasses":["Email addresses","IP addresses","Passwords","Private messages","Usernames","Website activity"],"LogoFilename":"Ethereum.svg"},{"Domain":"evermotion.org","Title":"Evermotion","BreachDate":"2015-05-07","PwnCount":435510,"DataClasses":["Dates of birth","Email addresses","Passwords","Usernames"],"LogoFilename":"Evermotion.png"},{"Domain":"evony.com","Title":"Evony","BreachDate":"2016-06-01","PwnCount":29396116,"DataClasses":["Email addresses","IP addresses","Passwords","Usernames"],"LogoFilename":"Evony.png"},{"Domain":"experian.com","Title":"Experian","BreachDate":"2015-09-16","PwnCount":7196890,"DataClasses":["Credit status information","Dates of birth","Email addresses","Ethnicities","Family structure","Genders","Home ownership statuses","Income levels","IP addresses","Names","Phone numbers","Physical addresses","Purchasing habits"],"LogoFilename":"Experian.svg"},{"Domain":"","Title":"Exploit.In","BreachDate":"2016-10-13","PwnCount":593427119,"DataClasses":["Email addresses","Passwords"],"LogoFilename":"ExploitIn.svg"},{"Domain":"","Title":"Exposed VINs","BreachDate":"2017-06-05","PwnCount":396650,"DataClasses":["Dates of birth","Email addresses","Family structure","Genders","Names","Phone numbers","Physical addresses","Vehicle details"],"LogoFilename":"VINs.svg"},{"Domain":"fashionfantasygame.com","Title":"FashionFantasyGame","BreachDate":"2016-12-01","PwnCount":2357872,"DataClasses":["Email addresses","Passwords"],"LogoFilename":"FashionFantasyGame.svg"},{"Domain":"ffshrine.org","Title":"Final Fantasy Shrine","BreachDate":"2015-09-18","PwnCount":620677,"DataClasses":["Email addresses","Passwords","Usernames","Website activity"],"LogoFilename":"FFShrine.png"},{"Domain":"flashflashrevolution.com","Title":"Flash Flash Revolution","BreachDate":"2016-02-01","PwnCount":1771845,"DataClasses":["Email addresses","Passwords","Usernames"],"LogoFilename":"FlashFlashRevolution.png"},{"Domain":"flashback.se","Title":"Flashback","BreachDate":"2015-02-11","PwnCount":40256,"DataClasses":["Email addresses","Government issued IDs","Physical addresses"],"LogoFilename":"Flashback.svg"},{"Domain":"fling.com","Title":"Fling","BreachDate":"2011-03-10","PwnCount":40767652,"DataClasses":["Dates of birth","Email addresses","Genders","Geographic locations","IP addresses","Passwords","Phone numbers","Sexual fetishes","Sexual orientations","Usernames","Website activity"],"LogoFilename":"Fling.svg"},{"Domain":"forbes.com","Title":"Forbes","BreachDate":"2014-02-15","PwnCount":1057819,"DataClasses":["Email addresses","Passwords","User website URLs","Usernames"],"LogoFilename":"Forbes.svg"},{"Domain":"foxybingo.com","Title":"Foxy Bingo","BreachDate":"2008-04-04","PwnCount":252216,"DataClasses":["Account balances","Browser user agent details","Dates of birth","Email addresses","Genders","Names","Passwords","Phone numbers","Physical addresses","Usernames","Website activity"],"LogoFilename":"FoxyBingo.png"},{"Domain":"fhostingesps6bly.onion","Title":"Freedom Hosting II","BreachDate":"2017-01-31","PwnCount":380830,"DataClasses":["Email addresses","Passwords","Usernames"],"LogoFilename":"FreedomHostingII.svg"},{"Domain":"fridae.asia","Title":"Fridae","BreachDate":"2014-05-02","PwnCount":35368,"DataClasses":["Email addresses","Passwords","Usernames","Website activity"],"LogoFilename":"Fridae.svg"},{"Domain":"funimation.com","Title":"Funimation","BreachDate":"2016-07-01","PwnCount":2491103,"DataClasses":["Dates of birth","Email addresses","Passwords","Usernames"],"LogoFilename":"Funimation.png"},{"Domain":"furaffinity.net","Title":"Fur Affinity","BreachDate":"2016-05-17","PwnCount":1270564,"DataClasses":["Email addresses","Passwords","Usernames"],"LogoFilename":"FurAffinity.png"},{"Domain":"gamerzplanet.net","Title":"Gamerzplanet","BreachDate":"2015-10-23","PwnCount":1217166,"DataClasses":["Email addresses","IP addresses","Passwords","Usernames"],"LogoFilename":"GamerzPlanet.png"},{"Domain":"game-tuts.com","Title":"GameTuts","BreachDate":"2015-03-01","PwnCount":2064274,"DataClasses":["Email addresses","IP addresses","Passwords","Usernames"],"LogoFilename":"GameTuts.png"},{"Domain":"gamigo.com","Title":"Gamigo","BreachDate":"2012-03-01","PwnCount":8243604,"DataClasses":["Email addresses","Passwords"],"LogoFilename":"Gamigo.png"},{"Domain":"gawker.com","Title":"Gawker","BreachDate":"2010-12-11","PwnCount":1247574,"DataClasses":["Email addresses","Passwords","Usernames"],"LogoFilename":"Gawker.svg"},{"Domain":"geekedin.net","Title":"GeekedIn","BreachDate":"2016-08-15","PwnCount":1073164,"DataClasses":["Email addresses","Geographic locations","Names","Professional skills","Usernames","Years of professional experience"],"LogoFilename":"GeekedIn.png"},{"Domain":"gfan.com","Title":"GFAN","BreachDate":"2016-10-10","PwnCount":22526334,"DataClasses":["Email addresses","IP addresses","Passwords","Usernames"],"LogoFilename":"GFAN.png"},{"Domain":"gpotato.com","Title":"gPotato","BreachDate":"2007-07-12","PwnCount":2136520,"DataClasses":["Dates of birth","Email addresses","Genders","IP addresses","Names","Passwords","Physical addresses","Security questions and answers","Usernames","Website activity"],"LogoFilename":"gPotato.png"},{"Domain":"gtagaming.com","Title":"GTAGaming","BreachDate":"2016-08-01","PwnCount":197184,"DataClasses":["Dates of birth","Email addresses","IP addresses","Passwords","Usernames","Website activity"],"LogoFilename":"GTAGaming.png"},{"Domain":"play-gar.com","Title":"Guns and Robots","BreachDate":"2016-04-01","PwnCount":143569,"DataClasses":["Email addresses","IP addresses","Passwords","Usernames"],"LogoFilename":"Playgar.png"},{"Domain":"hackforums.net","Title":"hackforums.net","BreachDate":"2011-06-25","PwnCount":191540,"DataClasses":["Dates of birth","Email addresses","Instant messenger identities","IP addresses","Passwords","Social connections","Spoken languages","Time zones","User website URLs","Usernames","Website activity"],"LogoFilename":"HackForums.svg"},{"Domain":"hackingteam.com","Title":"Hacking Team","BreachDate":"2015-07-06","PwnCount":32310,"DataClasses":["Email addresses","Email messages"],"LogoFilename":"HackingTeam.svg"},{"Domain":"healthnow.co","Title":"Health Now Networks","BreachDate":"2017-03-25","PwnCount":321920,"DataClasses":["Dates of birth","Email addresses","Genders","Health insurance information","IP addresses","Names","Personal health data","Phone numbers","Physical addresses","Security questions and answers","Social connections"],"LogoFilename":"HealthNowNetworks.png"},{"Domain":"hemmakvall.se","Title":"Hemmakväll","BreachDate":"2015-07-08","PwnCount":47297,"DataClasses":["Email addresses","Names","Passwords","Phone numbers","Physical addresses"],"LogoFilename":"Hemmakvall.png"},{"Domain":"hemmelig.com","Title":"hemmelig.com","BreachDate":"2011-12-21","PwnCount":28641,"DataClasses":["Email addresses","Genders","Nicknames","Passwords","Usernames","Years of birth"],"LogoFilename":"Hemmelig.svg"},{"Domain":"heroesofgaia.com","Title":"Heroes of Gaia","BreachDate":"2013-01-04","PwnCount":179967,"DataClasses":["Browser user agent details","Email addresses","IP addresses","Usernames","Website activity"],"LogoFilename":"HeroesOfGaia.png"},{"Domain":"heroesofnewerth.com","Title":"Heroes of Newerth","BreachDate":"2012-12-17","PwnCount":8089103,"DataClasses":["Email addresses","Passwords","Usernames"],"LogoFilename":"HeroesOfNewerth.png"},{"Domain":"hltv.org","Title":"HLTV","BreachDate":"2016-06-19","PwnCount":611070,"DataClasses":["Email addresses","Names","Passwords","Usernames","Website activity"],"LogoFilename":"HLTV.png"},{"Domain":"hongfire.com","Title":"HongFire","BreachDate":"2015-03-01","PwnCount":999991,"DataClasses":["Dates of birth","Email addresses","IP addresses","Passwords","Usernames"],"LogoFilename":"HongFire.png"},{"Domain":"hounddawgs.org","Title":"HoundDawgs","BreachDate":"2017-12-30","PwnCount":45701,"DataClasses":["Email addresses","IP addresses","Passwords","Website activity"],"LogoFilename":"HoundDawgs.png"},{"Domain":"i-dressup.com","Title":"i-Dressup","BreachDate":"2016-07-15","PwnCount":2191565,"DataClasses":["Email addresses","Passwords"],"LogoFilename":"iDressup.png"},{"Domain":"imesh.com","Title":"iMesh","BreachDate":"2013-09-22","PwnCount":49467477,"DataClasses":["Email addresses","IP addresses","Passwords","Usernames"],"LogoFilename":"iMesh.svg"},{"Domain":"imgur.com","Title":"imgur","BreachDate":"2013-09-01","PwnCount":1749806,"DataClasses":["Email addresses","Passwords"],"LogoFilename":"imgur.svg"},{"Domain":"insanelyi.com","Title":"Insanelyi","BreachDate":"2014-07-22","PwnCount":104097,"DataClasses":["Email addresses","Passwords","Usernames","Website activity"],"LogoFilename":"Insanelyi.svg"},{"Domain":"interpals.net","Title":"InterPals","BreachDate":"2015-11-04","PwnCount":3439414,"DataClasses":["Dates of birth","Email addresses","Geographic locations","Names","Passwords","Usernames"],"LogoFilename":"Interpals.png"},{"Domain":"ipmart-forum.com","Title":"iPmart","BreachDate":"2015-07-01","PwnCount":2460787,"DataClasses":["Dates of birth","Email addresses","Passwords","Usernames"],"LogoFilename":"iPmart.png"},{"Domain":"jobstreet.com","Title":"JobStreet","BreachDate":"2012-03-07","PwnCount":3883455,"DataClasses":["Dates of birth","Email addresses","Genders","Geographic locations","Government issued IDs","Marital statuses","Names","Nationalities","Passwords","Phone numbers","Physical addresses","Usernames"],"LogoFilename":"JobStreet.png"},{"Domain":"justdate.com","Title":"Justdate.com","BreachDate":"2016-09-29","PwnCount":24451312,"DataClasses":["Dates of birth","Email addresses","Geographic locations","Names"],"LogoFilename":"JustDate.svg"},{"Domain":"kickstarter.com","Title":"Kickstarter","BreachDate":"2014-02-16","PwnCount":5176463,"DataClasses":["Email addresses","Passwords"],"LogoFilename":"Kickstarter.svg"},{"Domain":"kimsufi.com","Title":"Kimsufi","BreachDate":"2015-05-01","PwnCount":504565,"DataClasses":["Email addresses","IP addresses","Passwords","Usernames"],"LogoFilename":"Kimsufi.png"},{"Domain":"km.ru","Title":"KM.RU","BreachDate":"2016-02-29","PwnCount":1476783,"DataClasses":["Dates of birth","Email addresses","Genders","Geographic locations","Recovery email addresses","Security questions and answers","Usernames"],"LogoFilename":"KMRU.svg"},{"Domain":"last.fm","Title":"Last.fm","BreachDate":"2012-03-22","PwnCount":37217682,"DataClasses":["Email addresses","Passwords","Usernames","Website activity"],"LogoFilename":"Lastfm.svg"},{"Domain":"leet.cc","Title":"Leet","BreachDate":"2016-09-10","PwnCount":5081689,"DataClasses":["Email addresses","IP addresses","Passwords","Usernames","Website activity"],"LogoFilename":"Leet.png"},{"Domain":"lbsg.net","Title":"Lifeboat","BreachDate":"2016-01-01","PwnCount":7089395,"DataClasses":["Email addresses","Passwords","Usernames"],"LogoFilename":"Lifeboat.svg"},{"Domain":"linkedin.com","Title":"LinkedIn","BreachDate":"2012-05-05","PwnCount":164611595,"DataClasses":["Email addresses","Passwords"],"LogoFilename":"LinkedIn.svg"},{"Domain":"linuxmint.com","Title":"Linux Mint","BreachDate":"2016-02-21","PwnCount":144989,"DataClasses":["Avatars","Dates of birth","Email addresses","Geographic locations","IP addresses","Passwords","Time zones","Website activity"],"LogoFilename":"LinuxMint.svg"},{"Domain":"littlemonsters.com","Title":"Little Monsters","BreachDate":"2017-01-01","PwnCount":995698,"DataClasses":["Dates of birth","Email addresses","Passwords","Usernames"],"LogoFilename":"LittleMonsters.svg"},{"Domain":"lizardstresser.su","Title":"Lizard Squad","BreachDate":"2015-01-16","PwnCount":13451,"DataClasses":["Email addresses","Passwords","Usernames"],"LogoFilename":"LizardSquad.jpg"},{"Domain":"lookbook.nu","Title":"Lookbook","BreachDate":"2012-08-24","PwnCount":1074948,"DataClasses":["Dates of birth","Email addresses","IP addresses","Names","Passwords","Usernames","Website activity"],"LogoFilename":"Lookbook.png"},{"Domain":"lotro.com","Title":"Lord of the Rings Online","BreachDate":"2013-08-01","PwnCount":1141278,"DataClasses":["Dates of birth","Email addresses","IP addresses","Passwords","Usernames","Website activity"],"LogoFilename":"LOTR.png"},{"Domain":"loungeboard.net","Title":"Lounge Board","BreachDate":"2013-08-01","PwnCount":45018,"DataClasses":["Email addresses","IP addresses","Names","Passwords","Private messages","Usernames","Website activity"],"LogoFilename":"LoungeBoard.svg"},{"Domain":"lyricsmania.com","Title":"Lyrics Mania","BreachDate":"2017-12-21","PwnCount":109202,"DataClasses":["Email addresses","Passwords","Usernames"],"LogoFilename":"LyricsMania.png"},{"Domain":"mac-torrents.com","Title":"Mac-Torrents","BreachDate":"2015-10-31","PwnCount":93992,"DataClasses":["Email addresses","Passwords","Usernames"],"LogoFilename":"Mac-Torrents.png"},{"Domain":"mail.ru","Title":"mail.ru Dump","BreachDate":"2014-09-10","PwnCount":16630988,"DataClasses":["Email addresses","Passwords"],"LogoFilename":"MailRU.svg"},{"Domain":"majorgeeks.com","Title":"MajorGeeks","BreachDate":"2015-11-15","PwnCount":269548,"DataClasses":["Email addresses","IP addresses","Passwords","Usernames"],"LogoFilename":"MajorGeeks.gif"},{"Domain":"mall.cz","Title":"MALL.cz","BreachDate":"2017-07-27","PwnCount":735405,"DataClasses":["Email addresses","Names","Passwords","Phone numbers"],"LogoFilename":"MallCZ.svg"},{"Domain":"malwarebytes.org","Title":"Malwarebytes","BreachDate":"2014-11-15","PwnCount":111623,"DataClasses":["Dates of birth","Email addresses","IP addresses","Passwords","Usernames","Website activity"],"LogoFilename":"Malwarebytes.png"},{"Domain":"mangatraders.com","Title":"Manga Traders","BreachDate":"2014-10-06","PwnCount":855249,"DataClasses":["Email addresses","Passwords"],"LogoFilename":"MangaTraders.svg"},{"Domain":"","Title":"Master Deeds","BreachDate":"2017-03-14","PwnCount":2257930,"DataClasses":["Dates of birth","Deceased statuses","Email addresses","Employers","Ethnicities","Genders","Government issued IDs","Home ownership statuses","Job titles","Names","Nationalities","Phone numbers","Physical addresses"],"LogoFilename":"MasterDeeds.svg"},{"Domain":"mate1.com","Title":"Mate1.com","BreachDate":"2016-02-29","PwnCount":27393015,"DataClasses":["Astrological signs","Dates of birth","Drinking habits","Drug habits","Education levels","Email addresses","Ethnicities","Fitness levels","Genders","Geographic locations","Income levels","Job titles","Names","Parenting plans","Passwords","Personal descriptions","Physical attributes","Political views","Relationship statuses","Religions","Sexual fetishes","Travel habits","Usernames","Website activity","Work habits"],"LogoFilename":"Mate1.svg"},{"Domain":"mcbans.com","Title":"MCBans","BreachDate":"2016-10-27","PwnCount":119948,"DataClasses":["Email addresses","IP addresses","Passwords","Usernames","Website activity"],"LogoFilename":"MCBans.png"},{"Domain":"minecraftpeforum.net","Title":"Minecraft Pocket Edition Forum","BreachDate":"2015-05-24","PwnCount":16034,"DataClasses":["Email addresses","IP addresses","Passwords","Usernames"],"LogoFilename":"MinecraftPocketEditionForum.svg"},{"Domain":"minecraftworldmap.com","Title":"Minecraft World Map","BreachDate":"2016-01-15","PwnCount":71081,"DataClasses":["Email addresses","IP addresses","Passwords","Usernames"],"LogoFilename":"MinecraftWorldMap.png"},{"Domain":"minefield.fr","Title":"Minefield","BreachDate":"2015-06-28","PwnCount":188343,"DataClasses":["Dates of birth","Email addresses","IP addresses","Passwords","Usernames","Website activity"],"LogoFilename":"Minefield.png"},{"Domain":"modaco.com","Title":"MoDaCo","BreachDate":"2016-01-01","PwnCount":879703,"DataClasses":["Email addresses","IP addresses","Passwords","Usernames"],"LogoFilename":"MoDaCo.png"},{"Domain":"modbsolutions.com","Title":"Modern Business Solutions","BreachDate":"2016-10-08","PwnCount":58843488,"DataClasses":["Dates of birth","Email addresses","Genders","IP addresses","Job titles","Names","Phone numbers","Physical addresses"],"LogoFilename":"ModernBusinessSolutions.png"},{"Domain":"moneybookers.com","Title":"Money Bookers","BreachDate":"2009-01-01","PwnCount":4483605,"DataClasses":["Dates of birth","Email addresses","IP addresses","Names","Phone numbers","Physical addresses"],"LogoFilename":"MoneyBookers.svg"},{"Domain":"mpgh.net","Title":"MPGH","BreachDate":"2015-10-22","PwnCount":3122898,"DataClasses":["Email addresses","IP addresses","Passwords","Usernames"],"LogoFilename":"MPGH.png"},{"Domain":"mrexcel.com","Title":"MrExcel","BreachDate":"2016-12-05","PwnCount":366140,"DataClasses":["Dates of birth","Email addresses","IP addresses","Passwords","Social connections","Usernames","Website activity"],"LogoFilename":"MrExcel.png"},{"Domain":"mspy.com","Title":"mSpy","BreachDate":"2015-05-14","PwnCount":699793,"DataClasses":["Device usage tracking data"],"LogoFilename":"mSpy.svg"},{"Domain":"muslimdirectory.co.uk","Title":"Muslim Directory","BreachDate":"2014-02-17","PwnCount":37784,"DataClasses":["Age groups","Email addresses","Employers","Names","Passwords","Phone numbers","Physical addresses","Website activity"],"LogoFilename":"MuslimDirectory.svg"},{"Domain":"muslimmatch.com","Title":"Muslim Match","BreachDate":"2016-06-24","PwnCount":149830,"DataClasses":["Chat logs","Email addresses","Geographic locations","IP addresses","Passwords","Private messages","User statuses","Usernames"],"LogoFilename":"MuslimMatch.svg"},{"Domain":"myrepospace.com","Title":"myRepoSpace","BreachDate":"2015-07-06","PwnCount":252751,"DataClasses":["Email addresses","IP addresses","Passwords","Usernames"],"LogoFilename":"myRepoSpace.png"},{"Domain":"myspace.com","Title":"MySpace","BreachDate":"2008-07-01","PwnCount":359420698,"DataClasses":["Email addresses","Passwords","Usernames"],"LogoFilename":"MySpace.svg"},{"Domain":"myvidster.com","Title":"MyVidster","BreachDate":"2015-08-15","PwnCount":19863,"DataClasses":["Email addresses","Passwords","Usernames"],"LogoFilename":"MyVidster.png"},{"Domain":"naughtyamerica.com","Title":"Naughty America","BreachDate":"2016-03-14","PwnCount":1398630,"DataClasses":["Dates of birth","Email addresses","IP addresses","Passwords","Usernames","Website activity"],"LogoFilename":"NaughtyAmerica.png"},{"Domain":"neopets.com","Title":"Neopets","BreachDate":"2013-05-05","PwnCount":26892897,"DataClasses":["Dates of birth","Email addresses","Genders","Geographic locations","IP addresses","Names","Passwords","Usernames"],"LogoFilename":"Neopets.svg"},{"Domain":"163.com","Title":"NetEase","BreachDate":"2015-10-19","PwnCount":234842089,"DataClasses":["Email addresses","Passwords"],"LogoFilename":"NetEase.svg"},{"Domain":"neteller.com","Title":"Neteller","BreachDate":"2010-05-17","PwnCount":3619948,"DataClasses":["Account balances","Dates of birth","Email addresses","Genders","IP addresses","Names","Phone numbers","Physical addresses","Security questions and answers","Website activity"],"LogoFilename":"Neteller.svg"},{"Domain":"netprospex.com","Title":"NetProspex","BreachDate":"2016-09-01","PwnCount":33698126,"DataClasses":["Email addresses","Employers","Job titles","Names","Phone numbers","Physical addresses"],"LogoFilename":"NetProspex.png"},{"Domain":"netshoes.com.br","Title":"Netshoes","BreachDate":"2017-12-07","PwnCount":499836,"DataClasses":["Dates of birth","Email addresses","Names","Purchases"],"LogoFilename":"Netshoes.svg"},{"Domain":"nextgenupdate.com","Title":"NextGenUpdate","BreachDate":"2014-04-22","PwnCount":1194597,"DataClasses":["Email addresses","IP addresses","Passwords","Usernames"],"LogoFilename":"NextGenUpdate.svg"},{"Domain":"nexusmods.com","Title":"Nexus Mods","BreachDate":"2013-07-22","PwnCount":5915013,"DataClasses":["Email addresses","Passwords","Usernames"],"LogoFilename":"NexusMods.png"},{"Domain":"nihonomaru.net","Title":"Nihonomaru","BreachDate":"2015-12-01","PwnCount":1697282,"DataClasses":["Email addresses","IP addresses","Passwords","Usernames"],"LogoFilename":"Nihonomaru.png"},{"Domain":"nival.com","Title":"Nival","BreachDate":"2016-02-29","PwnCount":1535473,"DataClasses":["Avatars","Dates of birth","Email addresses","Genders","Names","Spoken languages","Usernames","Website activity"],"LogoFilename":"Nival.svg"},{"Domain":"nonnudegirls.org","Title":"Non Nude Girls","BreachDate":"2013-05-21","PwnCount":75383,"DataClasses":["Email addresses","IP addresses","Names","Passwords","Usernames","Website activity"],"LogoFilename":"NonNudeGirls.png"},{"Domain":"nulled.cr","Title":"Nulled","BreachDate":"2016-05-06","PwnCount":599080,"DataClasses":["Dates of birth","Email addresses","IP addresses","Passwords","Private messages","Usernames","Website activity"],"LogoFilename":"Nulled.svg"},{"Domain":"","Title":"Onliner Spambot","BreachDate":"2017-08-28","PwnCount":711477622,"DataClasses":["Email addresses","Passwords"],"LogoFilename":"OnlinerSpambot.png"},{"Domain":"onverse.com","Title":"Onverse","BreachDate":"2016-01-01","PwnCount":800157,"DataClasses":["Email addresses","IP addresses","Passwords","Usernames"],"LogoFilename":"Onverse.png"},{"Domain":"opencsgo.com","Title":"Open CS:GO","BreachDate":"2017-11-28","PwnCount":512311,"DataClasses":["Avatars","Email addresses","IP addresses","Phone numbers","Physical addresses","Purchases","Social media profiles","Usernames"],"LogoFilename":"OpenCSGO.svg"},{"Domain":"ovh.com","Title":"OVH","BreachDate":"2015-05-01","PwnCount":452899,"DataClasses":["Email addresses","IP addresses","Passwords","Usernames"],"LogoFilename":"OVH.png"},{"Domain":"OwnedCore.com","Title":"OwnedCore","BreachDate":"2013-08-01","PwnCount":880331,"DataClasses":["Email addresses","IP addresses","Passwords","Usernames"],"LogoFilename":"OwnedCore.png"},{"Domain":"paddypower.com","Title":"Paddy Power","BreachDate":"2010-10-25","PwnCount":590954,"DataClasses":["Account balances","Dates of birth","Email addresses","IP addresses","Names","Phone numbers","Physical addresses","Security questions and answers","Usernames","Website activity"],"LogoFilename":"PaddyPower.svg"},{"Domain":"patreon.com","Title":"Patreon","BreachDate":"2015-10-01","PwnCount":2330382,"DataClasses":["Email addresses","Payment histories","Physical addresses","Private messages","Website activity"],"LogoFilename":"Patreon.svg"},{"Domain":"payasugym.com","Title":"PayAsUGym","BreachDate":"2016-12-15","PwnCount":400260,"DataClasses":["Browser user agent details","Email addresses","IP addresses","Names","Partial credit card data","Passwords","Phone numbers","Website activity"],"LogoFilename":"PayAsUGym.png"},{"Domain":"phpfreaks.com","Title":"PHP Freaks","BreachDate":"2015-10-27","PwnCount":173891,"DataClasses":["Dates of birth","Email addresses","IP addresses","Passwords","Usernames","Website activity"],"LogoFilename":"PHPFreaks.png"},{"Domain":"pixelfederation.com","Title":"Pixel Federation","BreachDate":"2013-12-04","PwnCount":38108,"DataClasses":["Email addresses","Passwords"],"LogoFilename":"PixelFederation.svg"},{"Domain":"plex.tv","Title":"Plex","BreachDate":"2015-07-02","PwnCount":327314,"DataClasses":["Email addresses","IP addresses","Passwords","Usernames"],"LogoFilename":"Plex.svg"},{"Domain":"pokebip.com","Title":"Pokébip","BreachDate":"2015-07-28","PwnCount":657001,"DataClasses":["Email addresses","IP addresses","Passwords","Time zones","Usernames","Website activity"],"LogoFilename":"Pokebip.png"},{"Domain":"pokemoncreed.net","Title":"Pokémon Creed","BreachDate":"2014-08-08","PwnCount":116465,"DataClasses":["Email addresses","Genders","IP addresses","Passwords","Usernames","Website activity"],"LogoFilename":"PokemonCreed.svg"},{"Domain":"pokemonnegro.com","Title":"Pokémon Negro","BreachDate":"2016-10-01","PwnCount":830155,"DataClasses":["Email addresses","IP addresses","Passwords"],"LogoFilename":"PokemonNegro.png"},{"Domain":"policeone.com","Title":"PoliceOne","BreachDate":"2014-07-01","PwnCount":709926,"DataClasses":["Email addresses","IP addresses","Passwords","Usernames"],"LogoFilename":"PoliceOne.png"},{"Domain":"powerbot.org","Title":"Powerbot","BreachDate":"2014-09-01","PwnCount":503501,"DataClasses":["Email addresses","IP addresses","Passwords","Usernames"],"LogoFilename":"Powerbot.png"},{"Domain":"programmingforums.org","Title":"Programming Forums","BreachDate":"2015-12-01","PwnCount":707432,"DataClasses":["Email addresses","IP addresses","Passwords","Usernames"],"LogoFilename":"ProgrammingForums.svg"},{"Domain":"ps3hax.net","Title":"PS3Hax","BreachDate":"2015-07-01","PwnCount":447410,"DataClasses":["Email addresses","IP addresses","Passwords","Usernames"],"LogoFilename":"PS3Hax.png"},{"Domain":"pspiso.com","Title":"PSP ISO","BreachDate":"2015-09-25","PwnCount":1274070,"DataClasses":["Email addresses","IP addresses","Passwords","Usernames"],"LogoFilename":"PSPISO.png"},{"Domain":"psx-scene.com","Title":"PSX-Scene","BreachDate":"2015-02-01","PwnCount":341118,"DataClasses":["Email addresses","IP addresses","Passwords","Usernames"],"LogoFilename":"PSX-Scene.png"},{"Domain":"qnb.com","Title":"Qatar National Bank","BreachDate":"2015-07-01","PwnCount":88678,"DataClasses":["Bank account numbers","Banking PINs","Customer feedback","Dates of birth","Financial transactions","Genders","Geographic locations","Government issued IDs","IP addresses","Marital statuses","Names","Passwords","Phone numbers","Physical addresses","Security questions and answers","Spoken languages"],"LogoFilename":"QatarNationalBank.svg"},{"Domain":"qip.ru","Title":"QIP","BreachDate":"2011-06-01","PwnCount":26183992,"DataClasses":["Email addresses","Passwords","Usernames","Website activity"],"LogoFilename":"QIP.svg"},{"Domain":"quantumbooter.net","Title":"Quantum Booter","BreachDate":"2014-03-18","PwnCount":48592,"DataClasses":["Email addresses","IP addresses","Passwords","Private messages","Usernames","Website activity"],"LogoFilename":"QuantumBooter.png"},{"Domain":"quinstreet.com","Title":"QuinStreet","BreachDate":"2015-12-14","PwnCount":4907802,"DataClasses":["Dates of birth","Email addresses","IP addresses","Passwords","Usernames","Website activity"],"LogoFilename":"QuinStreet.png"},{"Domain":"r2games.com","Title":"R2 (2017 forum breach)","BreachDate":"2017-01-01","PwnCount":1023466,"DataClasses":["Email addresses","Passwords","Usernames","Website activity"],"LogoFilename":"R2-2017.svg"},{"Domain":"r2games.com","Title":"R2Games","BreachDate":"2015-11-01","PwnCount":22281337,"DataClasses":["Email addresses","IP addresses","Passwords","Usernames"],"LogoFilename":"R2Games.svg"},{"Domain":"rambler.ru","Title":"Rambler","BreachDate":"2014-03-01","PwnCount":91436280,"DataClasses":["Email addresses","Passwords","Usernames"],"LogoFilename":"Rambler.png"},{"Domain":"rankwatch.com","Title":"RankWatch","BreachDate":"2016-11-19","PwnCount":7445067,"DataClasses":["Email addresses","Employers","Job titles","Names","Phone numbers"],"LogoFilename":"Rankwatch.png"},{"Domain":"bluesnap.com","Title":"Regpack","BreachDate":"2016-05-20","PwnCount":104977,"DataClasses":["Browser user agent details","Credit card CVV","Email addresses","IP addresses","Names","Partial credit card data","Phone numbers","Physical addresses","Purchases"],"LogoFilename":"BlueSnapRegpack.png"},{"Domain":"retinax.com","Title":"Retina-X","BreachDate":"2017-02-23","PwnCount":71153,"DataClasses":["Email addresses","Passwords"],"LogoFilename":"RetinaX.svg"},{"Domain":"reverbnation.com","Title":"ReverbNation","BreachDate":"2014-01-01","PwnCount":7040725,"DataClasses":["Email addresses","Passwords"],"LogoFilename":"Reverb-Nation.png"},{"Domain":"rivercitymediaonline.com","Title":"River City Media Spam List","BreachDate":"2017-01-01","PwnCount":393430309,"DataClasses":["Email addresses","IP addresses","Names","Physical addresses"],"LogoFilename":"RiverCityMedia.png"},{"Domain":"rosebuttboard.com","Title":"Rosebutt Board","BreachDate":"2016-05-09","PwnCount":107303,"DataClasses":["Email addresses","IP addresses","Passwords","Usernames"],"LogoFilename":"RosebuttBoard.svg"},{"Domain":"data4marketers.com","Title":"SC Daily Phone Spam List","BreachDate":"2015-04-14","PwnCount":32939105,"DataClasses":["Dates of birth","Email addresses","Genders","IP addresses","Names","Physical addresses"],"LogoFilename":"SCDailyPhoneSpamList.png"},{"Domain":"seedpeer.eu","Title":"Seedpeer","BreachDate":"2015-07-12","PwnCount":281924,"DataClasses":["Email addresses","Passwords","Usernames"],"LogoFilename":"Seedpeer.png"},{"Domain":"serverpact.com","Title":"ServerPact","BreachDate":"2016-01-01","PwnCount":73587,"DataClasses":["Dates of birth","Email addresses","IP addresses","Passwords","Usernames"],"LogoFilename":"ServerPact.png"},{"Domain":"shotbow.net","Title":"Shotbow","BreachDate":"2016-05-09","PwnCount":1052753,"DataClasses":["Email addresses","Passwords","Usernames"],"LogoFilename":"Shotbow.png"},{"Domain":"sktorrent.eu","Title":"SkTorrent","BreachDate":"2016-02-19","PwnCount":117070,"DataClasses":["Email addresses","Passwords","Usernames"],"LogoFilename":"SkTorrent.svg"},{"Domain":"snapchat.com","Title":"Snapchat","BreachDate":"2014-01-01","PwnCount":4609615,"DataClasses":["Geographic locations","Phone numbers","Usernames"],"LogoFilename":"Snapchat.svg"},{"Domain":"sony.com","Title":"Sony","BreachDate":"2011-06-02","PwnCount":37103,"DataClasses":["Dates of birth","Email addresses","Genders","Names","Passwords","Phone numbers","Physical addresses","Usernames"],"LogoFilename":"Sony.svg"},{"Domain":"soundwave.com","Title":"Soundwave","BreachDate":"2015-07-16","PwnCount":130705,"DataClasses":["Dates of birth","Email addresses","Genders","Geographic locations","Names","Passwords","Social connections"],"LogoFilename":"Soundwave.png"},{"Domain":"data4marketers.com","Title":"Special K Data Feed Spam List","BreachDate":"2015-10-07","PwnCount":30741620,"DataClasses":["Dates of birth","Email addresses","Genders","IP addresses","Names","Physical addresses"],"LogoFilename":"SpecialKSpamList.png"},{"Domain":"spirol.com","Title":"Spirol","BreachDate":"2014-02-22","PwnCount":55622,"DataClasses":["Email addresses","Employers","Job titles","Names","Phone numbers","Physical addresses"],"LogoFilename":"Spirol.svg"},{"Domain":"staminus.net","Title":"Staminus","BreachDate":"2016-03-11","PwnCount":26815,"DataClasses":["Credit cards","Email addresses","IP addresses","Passwords","Support tickets","Usernames"],"LogoFilename":"Staminus.png"},{"Domain":"starnet.md","Title":"StarNet","BreachDate":"2015-02-26","PwnCount":139395,"DataClasses":["Customer interactions","Dates of birth","Email addresses","Genders","IP addresses","MAC addresses","Names","Passport numbers","Passwords","Phone numbers"],"LogoFilename":"StarNet.svg"},{"Domain":"sterkinekor.co.za","Title":"Ster-Kinekor","BreachDate":"2017-03-09","PwnCount":1619544,"DataClasses":["Dates of birth","Email addresses","Genders","Names","Passwords","Phone numbers","Physical addresses","Spoken languages"],"LogoFilename":"SterKinekor.png"},{"Domain":"stratfor.com","Title":"Stratfor","BreachDate":"2011-12-24","PwnCount":859777,"DataClasses":["Credit cards","Email addresses","Names","Passwords","Phone numbers","Physical addresses","Usernames"],"LogoFilename":"Stratfor.svg"},{"Domain":"sumotorrent.sx","Title":"Sumo Torrent","BreachDate":"2014-06-21","PwnCount":285191,"DataClasses":["Email addresses","IP addresses","Passwords","Usernames","Website activity"],"LogoFilename":"SumoTorrent.png"},{"Domain":"sweclockers.com","Title":"SweClockers.com","BreachDate":"2015-07-09","PwnCount":254867,"DataClasses":["Email addresses","Passwords","Usernames"],"LogoFilename":"SweClockers.png"},{"Domain":"taobao.com","Title":"Taobao","BreachDate":"2012-01-01","PwnCount":21149008,"DataClasses":["Email addresses","Passwords"],"LogoFilename":"Taobao.png"},{"Domain":"solomid.net","Title":"Team SoloMid","BreachDate":"2014-12-22","PwnCount":442166,"DataClasses":["Email addresses","IP addresses","Passwords","Usernames"],"LogoFilename":"Solomid.svg"},{"Domain":"trai.gov.in","Title":"Telecom Regulatory Authority of India","BreachDate":"2015-04-27","PwnCount":107776,"DataClasses":["Email addresses","Email messages"],"LogoFilename":"TRAI.svg"},{"Domain":"teracod.org","Title":"Teracod","BreachDate":"2016-05-28","PwnCount":97151,"DataClasses":["Avatars","Email addresses","IP addresses","Passwords","Payment histories","Private messages","Usernames","Website activity"],"LogoFilename":"Teracod.png"},{"Domain":"tesco.com","Title":"Tesco","BreachDate":"2014-02-12","PwnCount":2239,"DataClasses":["Email addresses","Passwords","Reward program balances"],"LogoFilename":"Tesco.svg"},{"Domain":"thecandidboard.com","Title":"The Candid Board","BreachDate":"2015-09-03","PwnCount":178201,"DataClasses":["Dates of birth","Email addresses","Geographic locations","IP addresses","Passwords","Usernames","Website activity"],"LogoFilename":"TheCandidBoard.svg"},{"Domain":"thefappening.so","Title":"The Fappening","BreachDate":"2015-12-01","PwnCount":179030,"DataClasses":["Email addresses","Passwords","Usernames"],"LogoFilename":"TheFappening.svg"},{"Domain":"theflyonthewall.com","Title":"The Fly on the Wall","BreachDate":"2017-12-31","PwnCount":84011,"DataClasses":["Age groups","Credit cards","Email addresses","Genders","Names","Passwords","Phone numbers","Physical addresses","Purchases","Usernames"],"LogoFilename":"TheFlyOnTheWall.png"},{"Domain":"thetvdb.com","Title":"TheTVDB.com","BreachDate":"2017-11-21","PwnCount":181871,"DataClasses":["Email addresses","Passwords","Usernames"],"LogoFilename":"TheTVDB.svg"},{"Domain":"thishabboforum.com","Title":"ThisHabbo Forum","BreachDate":"2014-01-01","PwnCount":612414,"DataClasses":["Email addresses","IP addresses","Passwords","Usernames"],"LogoFilename":"ThisHabboForum.svg"},{"Domain":"tianya.cn","Title":"Tianya","BreachDate":"2011-12-26","PwnCount":29020808,"DataClasses":["Email addresses","Names","Usernames"],"LogoFilename":"Tianya.png"},{"Domain":"torrent-invites.com","Title":"Torrent Invites","BreachDate":"2013-12-12","PwnCount":352120,"DataClasses":["Dates of birth","Email addresses","IP addresses","Passwords","Usernames","Website activity"],"LogoFilename":"TorrentInvites.png"},{"Domain":"trillian.im","Title":"Trillian","BreachDate":"2015-12-27","PwnCount":3827238,"DataClasses":["Dates of birth","Email addresses","IP addresses","Names","Passwords","Usernames"],"LogoFilename":"Trillian.png"},{"Domain":"truckersmp.com","Title":"TruckersMP","BreachDate":"2016-02-25","PwnCount":83957,"DataClasses":["Email addresses","Passwords","Usernames"],"LogoFilename":"TruckersMP.png"},{"Domain":"tumblr.com","Title":"tumblr","BreachDate":"2013-02-28","PwnCount":65469298,"DataClasses":["Email addresses","Passwords"],"LogoFilename":"Tumblr.svg"},{"Domain":"uiggy.com","Title":"Uiggy","BreachDate":"2016-06-01","PwnCount":2682650,"DataClasses":["Email addresses","Genders","Names","Social connections","Website activity"],"LogoFilename":"Uiggy.svg"},{"Domain":"intgovforum.org","Title":"UN Internet Governance Forum","BreachDate":"2014-02-20","PwnCount":3200,"DataClasses":["Email addresses","Names","Passwords","Usernames"],"LogoFilename":"IGF.svg"},{"Domain":"unrealengine.com","Title":"Unreal Engine","BreachDate":"2016-08-11","PwnCount":530147,"DataClasses":["Email addresses","Passwords","Usernames"],"LogoFilename":"UnrealEngine.svg"},{"Domain":"utorrent.com","Title":"uTorrent","BreachDate":"2016-01-14","PwnCount":395044,"DataClasses":["Email addresses","Passwords","Usernames"],"LogoFilename":"uTorrent.svg"},{"Domain":"uuu9.com","Title":"uuu9","BreachDate":"2016-09-06","PwnCount":7485802,"DataClasses":["Email addresses","Passwords","Usernames"],"LogoFilename":"uuu9.png"},{"Domain":"vbulletin.com","Title":"vBulletin","BreachDate":"2015-11-03","PwnCount":518966,"DataClasses":["Dates of birth","Email addresses","Homepage URLs","Instant messenger identities","IP addresses","Passwords","Security questions and answers","Spoken languages","Website activity"],"LogoFilename":"VBulletin.svg"},{"Domain":"verified.cm","Title":"Verified","BreachDate":"2014-01-10","PwnCount":16919,"DataClasses":["Email addresses","Historical passwords","IP addresses","Passwords","Private messages","Usernames","Website activity"],"LogoFilename":"Verified.svg"},{"Domain":"victoryphones.com","Title":"Victory Phones","BreachDate":"2017-01-01","PwnCount":166046,"DataClasses":["Dates of birth","Email addresses","IP addresses","Names","Phone numbers","Physical addresses"],"LogoFilename":"VictoryPhones.png"},{"Domain":"vk.com","Title":"VK","BreachDate":"2012-01-01","PwnCount":93338602,"DataClasses":["Email addresses","Names","Passwords","Phone numbers"],"LogoFilename":"VK.svg"},{"Domain":"vodafone.is","Title":"Vodafone","BreachDate":"2013-12-12","PwnCount":56021,"DataClasses":["Credit cards","Email addresses","Government issued IDs","IP addresses","Names","Passwords","Phone numbers","Physical addresses","Purchases","SMS messages","Usernames"],"LogoFilename":"Vodafone.svg"},{"Domain":"vtechda.com","Title":"VTech","BreachDate":"2015-11-13","PwnCount":4833678,"DataClasses":["Dates of birth","Email addresses","Family members' names","Genders","IP addresses","Names","Passwords","Physical addresses","Security questions and answers","Usernames","Website activity"],"LogoFilename":"VTech.svg"},{"Domain":"vtightgel.com","Title":"V-Tight Gel","BreachDate":"2016-02-13","PwnCount":2013164,"DataClasses":["Email addresses","IP addresses","Names","Phone numbers","Physical addresses"],"LogoFilename":"VTightGel.png"},{"Domain":"thewarinc.com","Title":"War Inc.","BreachDate":"2012-07-04","PwnCount":1020136,"DataClasses":["Email addresses","Passwords","Usernames","Website activity"],"LogoFilename":"WarInc.png"},{"Domain":"warframe.com","Title":"Warframe","BreachDate":"2014-11-24","PwnCount":819478,"DataClasses":["Email addresses","Usernames","Website activity"],"LogoFilename":"Warframe.svg"},{"Domain":"weheartit.com","Title":"We Heart It","BreachDate":"2013-11-03","PwnCount":8600635,"DataClasses":["Email addresses","Passwords","Usernames"],"LogoFilename":"WeHeartIt.png"},{"Domain":"whmcs.com","Title":"WHMCS","BreachDate":"2012-05-21","PwnCount":134047,"DataClasses":["Email addresses","Email messages","Employers","IP addresses","Names","Partial credit card data","Passwords","Payment histories","Physical addresses","Website activity"],"LogoFilename":"WHMCS.svg"},{"Domain":"wiiuiso.com","Title":"WIIU ISO","BreachDate":"2015-09-25","PwnCount":458155,"DataClasses":["Email addresses","IP addresses","Passwords","Usernames"],"LogoFilename":"WIIUISO.png"},{"Domain":"wildstar-online.com","Title":"WildStar","BreachDate":"2015-07-11","PwnCount":738556,"DataClasses":["Dates of birth","Email addresses","IP addresses","Passwords","Usernames"],"LogoFilename":"WildStar.png"},{"Domain":"win7vista.com","Title":"Win7Vista Forum","BreachDate":"2013-09-03","PwnCount":202683,"DataClasses":["Email addresses","Instant messenger identities","IP addresses","Names","Passwords","Private messages","Usernames","Website activity"],"LogoFilename":"Win7Vista.svg"},{"Domain":"wishbone.io","Title":"Wishbone","BreachDate":"2016-08-07","PwnCount":2247314,"DataClasses":["Auth tokens","Dates of birth","Email addresses","Genders","Names","Phone numbers","Usernames"],"LogoFilename":"Wishbone.png"},{"Domain":"wptapl.com","Title":"WPT Amateur Poker League","BreachDate":"2014-01-04","PwnCount":148366,"DataClasses":["Email addresses","Passwords"],"LogoFilename":"WPT.svg"},{"Domain":"xat.com","Title":"xat","BreachDate":"2015-11-04","PwnCount":5968783,"DataClasses":["Email addresses","IP addresses","Passwords","Usernames","Website activity"],"LogoFilename":"xat.png"},{"Domain":"xbox360iso.com","Title":"Xbox 360 ISO","BreachDate":"2015-09-25","PwnCount":1296959,"DataClasses":["Email addresses","IP addresses","Passwords","Usernames"],"LogoFilename":"Xbox360ISO.png"},{"Domain":"xboxscene.com","Title":"Xbox-Scene","BreachDate":"2015-02-01","PwnCount":432552,"DataClasses":["Email addresses","IP addresses","Passwords","Usernames"],"LogoFilename":"Xbox-Scene.png"},{"Domain":"xpgamesaves.com","Title":"XPG","BreachDate":"2016-01-01","PwnCount":890341,"DataClasses":["Email addresses","IP addresses","Passwords","Usernames"],"LogoFilename":"XPGameSaves.png"},{"Domain":"xsplit.com","Title":"XSplit","BreachDate":"2013-11-07","PwnCount":2983472,"DataClasses":["Email addresses","Names","Passwords","Usernames"],"LogoFilename":"XSplit.png"},{"Domain":"yahoo.com","Title":"Yahoo","BreachDate":"2012-07-11","PwnCount":453427,"DataClasses":["Email addresses","Passwords"],"LogoFilename":"Yahoo.svg"},{"Domain":"forum.btcsec.com","Title":"Yandex Dump","BreachDate":"2014-09-07","PwnCount":1186564,"DataClasses":["Email addresses","Passwords"],"LogoFilename":"Yandex.svg"},{"Domain":"youku.com","Title":"Youku","BreachDate":"2016-12-01","PwnCount":91890110,"DataClasses":["Email addresses","Passwords"],"LogoFilename":"Youku.png"},{"Domain":"youporn.com","Title":"YouPorn","BreachDate":"2012-02-21","PwnCount":1327567,"DataClasses":["Email addresses","Passwords"],"LogoFilename":"YouPorn.png"},{"Domain":"zomato.com","Title":"Zomato","BreachDate":"2017-05-17","PwnCount":16472873,"DataClasses":["Email addresses","Passwords","Usernames"],"LogoFilename":"Zomato.svg"},{"Domain":"zoosk.com","Title":"Zoosk","BreachDate":"2011-01-01","PwnCount":52578183,"DataClasses":["Email addresses","Passwords"],"LogoFilename":"Zoosk.svg"},{"Domain":"parapa.mail.ru","Title":"Пара Па","BreachDate":"2016-08-08","PwnCount":4946850,"DataClasses":["Email addresses","Passwords","Usernames"],"LogoFilename":"Parapa.png"},{"Domain":"sprashivai.ru","Title":"Спрашивай.ру","BreachDate":"2015-05-11","PwnCount":3474763,"DataClasses":["Dates of birth","Email addresses","Genders","Geographic locations","IP addresses","Passwords","Spoken languages"],"LogoFilename":"SprashivaiRu.png"}]
